CIF,Age,EmailAddress,FirstName,LastName,PhoneNumber,Gender,Address,Country,JobTitle,CardNumber,AccountNumber
1,26,Greta_Swan6281@corti.com,Greta,Swan,6-254-223-4334,Female,"Armory  Tunnel, 3699",Egypt,Bellman,348-14-6088,650-63-6154
2,41,Rebecca_Corbett5111@ovock.tech,Rebecca,Corbett,5-720-670-7047,Female,"Apostle  Tunnel, 4850",Madagascar,Clerk,285-83-6186,875-13-4278
3,68,Dani_Flanders7065@qater.org,Dani,Flanders,8-150-728-6781,Female,"Bishop   Street, 1298",The Gambia,Business Broker,811-84-3310,566-83-8044
4,68,Morgan_James9389@sveldo.biz,Morgan,James,7-215-157-6623,Female,"Wadham  Avenue, 8018",Guinea-Bissau,Banker,773-80-8680,532-16-1750
5,51,Erick_Ingram7572@extex.org,Erick,Ingram,8-603-106-4884,Male,"Chamberlain  Pass, 3481",Russia,Electrician,171-24-1530,683-00-5812
6,52,Hayden_Garcia8505@extex.org,Hayden,Garcia,2-225-676-6758,Male,"Shepherds  Grove, 5504",Solomon Islands,Banker,110-44-7471,060-21-3317
7,62,Mark_Jobson9521@eirey.tech,Mark,Jobson,4-301-266-1565,Male,"Parkfield  Walk, 4086",Japan,Systems Administrator,425-86-2712,611-71-0203
8,62,Candace_Shea4131@gompie.com,Candace,Shea,4-554-734-5866,Female,"Geffrye   Pass, 1418",Montenegro,Loan Officer,830-04-7362,820-62-2326
9,56,Rowan_Harper2387@grannar.com,Rowan,Harper,1-046-822-1774,Female,"Lexington Road, 7414",Azerbaijan,Treasurer,564-28-0407,402-45-6427
10,73,Janice_Simmons7212@nanoff.biz,Janice,Simmons,1-767-728-0781,Female,"Badric  Boulevard, 9856",Nicaragua,Assistant Buyer,077-14-3850,827-22-6062
11,34,Matt_Carter4991@extex.org,Matt,Carter,4-548-287-8224,Male,"Cedarne  Rue, 4071",Togo,Designer,748-68-5701,624-06-2107
12,57,Mike_Locke1573@ubusive.com,Mike,Locke,5-067-008-7015,Male,"Clavell   Avenue, 9152",Belgium,Banker,031-57-1657,534-06-7335
13,31,David_Simpson7737@corti.com,David,Simpson,3-817-857-7664,Male,"Buttonwood Walk, 8257",Kuwait,Investment  Advisor,142-35-0766,246-87-3132
14,62,Greta_Walker7202@mafthy.com,Greta,Walker,7-327-657-0880,Female,"Caedmon  Walk, 8197",Suriname,Restaurant Manager,145-28-6565,434-24-5776
15,68,Bart_Eaton4423@kideod.biz,Bart,Eaton,7-067-054-2573,Male,"Camdale  Walk, 5995",Afghanistan,Laboratory Technician,112-63-6481,062-18-1716
16,65,Jamie_Parker648@nanoff.biz,Jamie,Parker,8-414-401-0682,Female,"Becklow  Route, 3565",Oman,CNC Operator,853-42-5384,762-54-2442
17,43,Julius_Walsh9782@deavo.com,Julius,Walsh,4-260-073-6750,Male,"Chatfield  Hill, 7897",Nauru,Budget Analyst,832-23-2782,174-15-3773
18,70,Peter_Bailey5215@infotech44.tech,Peter,Bailey,4-034-783-5765,Male,"Chalcot  Alley, 28",Estonia,Steward,702-72-3427,305-46-6381
19,42,Jacob_Thomas6799@nanoff.biz,Jacob,Thomas,6-405-363-8766,Male,"Sherlock   Vale, 6897",Paraguay,Doctor,010-51-1700,736-31-5657
20,56,Lillian_Drummond9267@sveldo.biz,Lillian,Drummond,7-703-274-4136,Female,"Birkenhead   Grove, 3001",Saint Kitts and Nevis,Biologist,355-41-2463,745-50-1433
21,53,Kurt_Nanton3912@typill.biz,Kurt,Nanton,4-038-115-1004,Male,"Elba  Pass, 5728",Comoros,Assistant Buyer,725-05-6638,830-52-1651
22,62,Barry_Jarvis2187@twipet.com,Barry,Jarvis,5-547-857-2780,Male,"Balfour    Lane, 3663",Uzbekistan,Cook,105-78-4218,338-58-3601
23,54,Robyn_Shields1254@dionrab.com,Robyn,Shields,1-524-857-3202,Female,"Abbotswell  Way, 1428",Mauritius,Call Center Representative,043-88-2028,248-16-4677
24,59,Doug_Stuart6039@fuliss.net,Doug,Stuart,6-567-238-8808,Male,"Queensberry  Street, 3049",Albania,Restaurant Manager,865-72-7506,228-00-7826
25,43,Carol_Ebbs2464@mafthy.com,Carol,Ebbs,8-167-554-6406,Female,"Chamberlain  Route, 7314",Saudi Arabia,Service Supervisor,565-50-8781,576-22-2236
26,32,Roger_Mcnally8259@womeona.net,Roger,Mcnally,3-036-678-3507,Male,"Boleyn  Lane, 1948",Austria,Service Supervisor,358-87-6367,025-44-7058
27,30,Chad_Briggs5804@kideod.biz,Chad,Briggs,1-146-244-8364,Male,"Sheffield Hill, 3146",Mauritania,Project Manager,778-08-5267,236-84-3454
28,75,Logan_Vaughan4652@ubusive.com,Logan,Vaughan,2-788-405-5152,Male,"Fairview Tunnel, 6419",Chile,CNC Operator,322-56-6040,600-23-4656
29,66,Nicholas_Morris7258@bauros.biz,Nicholas,Morris,4-316-138-6012,Male,"Battis   Way, 1255",Cambodia,Ambulatory Nurse,417-50-2805,871-10-4712
30,63,Judith_Addison8818@jiman.org,Judith,Addison,0-112-805-4370,Female,"Linden Grove, 1314",Iraq,Assistant Buyer,478-77-0168,785-65-8200
31,62,Danielle_Blackwall3289@gmail.com,Danielle,Blackwall,6-305-561-5026,Female,"Western   Vale, 1367",Sao Tome and Principe,Clerk,057-47-0307,048-82-5416
32,28,Jayden_Riley6232@joiniaa.com,Jayden,Riley,4-380-888-7158,Male,"Adderley   Crossroad, 2628",Nauru,Clerk,731-01-3327,483-67-1026
33,75,Eduardo_Thompson472@brety.org,Eduardo,Thompson,6-330-523-2543,Male,"Bletchley   Route, 454",Bangladesh,Global Logistics Supervisor,084-76-7037,525-77-1330
34,29,Quinn_Powell490@iatim.tech,Quinn,Powell,7-236-685-7284,Female,"Queen Road, 5739",Congo,Machine Operator,667-88-5438,045-61-4184
35,58,Barney_Noon9645@corti.com,Barney,Noon,2-825-433-6448,Male,"Cadogan  Crossroad, 6470",Ethiopia,Front Desk Coordinator,775-26-1206,050-61-7466
36,62,Shannon_Rixon6181@typill.biz,Shannon,Rixon,1-222-507-7226,Female,"Clarks  Way, 8222",Nicaragua,Webmaster,723-13-7731,855-21-8447
37,66,Livia_Mccall2008@bauros.biz,Livia,Mccall,6-334-207-1264,Female,"Virginia Pass, 4548",Kyrgyzstan,Service Supervisor,377-16-0536,886-51-1363
38,70,Elly_Allen1267@elnee.tech,Elly,Allen,3-566-773-5861,Female,"Dyott   Road, 3536",Peru,Pharmacist,588-25-0202,088-56-6634
39,59,Noah_Ainsworth5312@ubusive.com,Noah,Ainsworth,6-807-760-6721,Male,"Coal Wharf  Walk, 5230",China,Production Painter,573-50-0347,883-66-3870
40,33,Chad_Thornton9398@twipet.com,Chad,Thornton,1-344-558-3034,Male,"Chesterfield  Rue, 9346",Bangladesh,Cash Manager,801-64-4471,423-13-4375
41,21,Alexa_Lloyd9744@mafthy.com,Alexa,Lloyd,2-212-211-6842,Female,"Bellenden   Way, 8371",Cuba,Electrician,354-16-2062,262-68-1121
42,54,Carter_Osman3391@gompie.com,Carter,Osman,3-606-727-7373,Male,"Vintners  Avenue, 984",Botswana,Budget Analyst,837-86-6353,560-48-1425
43,74,Rufus_Bryant4405@hourpy.biz,Rufus,Bryant,8-846-661-1083,Male,"Walnut Pass, 9948",Uzbekistan,Fabricator,471-02-2438,415-36-3166
44,68,Phillip_Olivier4930@vetan.org,Phillip,Olivier,8-445-855-2706,Male,"Arline    Way, 6570",Fiji,Cashier,745-84-5503,272-72-6427
45,61,Tom_Wellington9680@extex.org,Tom,Wellington,6-301-300-7570,Male,"Victoria  Avenue, 9498",Grenada,Clerk,542-35-2342,705-77-5861
46,69,Ramon_Umney2389@dionrab.com,Ramon,Umney,6-817-777-1130,Male,"Durham Vale, 1574",Dominica,Electrician,161-78-0226,726-55-0272
47,58,Chelsea_Malone9993@zorer.org,Chelsea,Malone,3-478-250-8171,Female,"Arthur  Pass, 9004",Thailand,Cook,100-74-7353,738-62-1855
48,39,Nathan_Silva7674@acrit.org,Nathan,Silva,4-648-813-3124,Male,"Maple Lane, 6622",Germany,Healthcare Specialist,821-51-0773,241-68-2480
49,56,Jacob_Swift4743@ovock.tech,Jacob,Swift,7-472-868-0037,Male,"Hampden  Tunnel, 7229",Laos,Restaurant Manager,500-88-5554,535-50-6535
50,52,Rosalyn_Clarkson4018@gmail.com,Rosalyn,Clarkson,0-206-662-2461,Female,"Caedmon  Walk, 8914",Italy,Software Engineer,362-64-7780,145-15-6482
51,72,Carina_Pitt3454@twace.org,Carina,Pitt,1-782-556-7806,Female,"Bingham   Rue, 4957",Italy,Global Logistics Supervisor,671-68-5564,566-64-8428
52,58,Claire_Attwood4237@nickia.com,Claire,Attwood,5-174-726-2103,Female,"Walnut Street, 2259",Lesotho,Mobile Developer,060-11-2111,430-15-6024
53,30,Martin_Edley8921@acrit.org,Martin,Edley,4-616-106-4135,Male,"Hickory Lane Grove, 8062",Japan,Design Engineer,682-81-7633,653-40-1765
54,44,Stella_Kelly7531@hourpy.biz,Stella,Kelly,8-783-576-8786,Female,"West Route, 8950",New Zealand,Accountant,710-87-8515,178-66-4118
55,22,Joseph_Ellery348@vetan.org,Joseph,Ellery,4-524-426-4110,Male,"Falconberg   Alley, 9251",Myanmar,Web Developer,804-18-1012,852-00-8323
56,58,Hank_Griffiths5090@bretoux.com,Hank,Griffiths,7-556-200-3770,Male,"Boadicea   Hill, 4303",Mauritius,Front Desk Coordinator,117-77-0065,514-65-8714
57,42,Zoe_Russell8482@twipet.com,Zoe,Russell,3-283-868-0283,Female,"Archery  Drive, 5622",Luxembourg,Project Manager,624-13-0454,878-10-8537
58,35,Catherine_Bloom6772@atink.com,Catherine,Bloom,1-612-318-7336,Female,"Eaglet  Road, 1709",Marshall Islands,Service Supervisor,328-13-7268,646-01-7012
59,38,Lucy_Ianson9892@yahoo.com,Lucy,Ianson,5-725-435-5327,Female,"Kinglake  Walk, 9265",Indonesia,Physician,461-25-2550,714-20-8170
60,31,Ivette_Allen792@zorer.org,Ivette,Allen,3-630-033-3754,Female,"Timothy  Drive, 4974",Poland,Food Technologist,347-47-0667,882-04-1325
61,46,Ramon_Connell4679@naiker.biz,Ramon,Connell,6-551-374-2105,Male,"Camdenhurst   Grove, 6901",Mexico,Ambulatory Nurse,134-35-4852,844-30-2613
62,48,Jack_Larsen3879@muall.tech,Jack,Larsen,0-087-077-3070,Male,"Belgrave  Vale, 910",Tanzania,Mobile Developer,105-66-5586,258-61-0744
63,65,Sharon_Ward511@deons.tech,Sharon,Ward,3-583-303-4820,Female,"Queen Route, 5055",Ecuador,HR Coordinator,345-71-0885,546-81-4528
64,53,Dalia_Oldfield9017@famism.biz,Dalia,Oldfield,8-402-818-6873,Female,"Baltic  Tunnel, 5780",Macedonia,Audiologist,636-02-3822,562-02-6725
65,53,Julius_Leigh6978@typill.biz,Julius,Leigh,7-061-303-5147,Male,"Maple Pass, 1335",Maldives,Project Manager,583-85-7164,827-07-0132
66,27,Clarissa_Barrett2077@twace.org,Clarissa,Barrett,1-434-644-6504,Female,"Chancellor  Street, 3133",Luxembourg,Chef Manager,803-22-4017,888-78-1742
67,29,Isla_Brown5359@gompie.com,Isla,Brown,2-026-318-5670,Female,"Camera  Crossroad, 300",Armenia,Design Engineer,824-65-1518,072-25-7603
68,47,Tyson_Allington9914@ubusive.com,Tyson,Allington,1-872-052-3761,Male,"Howard Way, 8643",Bolivia,Mobile Developer,348-74-5400,567-41-5342
69,66,Mabel_Wren7408@joiniaa.com,Mabel,Wren,3-437-834-0805,Female,"Arundel   Pass, 3185",Benin,Accountant,075-68-1033,576-44-1300
70,28,Percy_Warner971@nickia.com,Percy,Warner,7-454-768-4471,Male,"Calderwood   Grove, 3379",Pakistan,Health Educator,428-12-4181,211-84-4005
71,73,Eden_Wheeler6731@bretoux.com,Eden,Wheeler,1-520-656-7651,Female,"Cleveland  Way, 602",Papua New Guinea,Mobile Developer,606-32-8656,684-88-2707
72,68,Shannon_Bloom4691@acrit.org,Shannon,Bloom,3-233-445-8372,Female,"Magnolia Lane, 6894",Tajikistan,Webmaster,810-82-6185,256-10-2086
73,30,Marvin_Simpson703@bungar.biz,Marvin,Simpson,0-052-811-3347,Male,"Boadicea   Vale, 5672",Maldives,Audiologist,773-36-5267,802-72-0825
74,55,Winnie_Murphy1277@liret.org,Winnie,Murphy,2-617-561-2620,Female,"Hammersmith  Tunnel, 4207",Croatia,Clerk,011-20-5434,857-13-2148
75,68,Maia_Jennson8615@hourpy.biz,Maia,Jennson,5-522-381-1052,Female,"Caxton  Tunnel, 661",Luxembourg,Physician,181-68-1544,426-78-2440
76,24,Makenzie_Needham7131@elnee.tech,Makenzie,Needham,6-412-117-4302,Female,"Blackheath  Rue, 4366",Equatorial Guinea,Treasurer,816-73-7264,833-10-4215
77,34,Brad_Collins6217@sheye.org,Brad,Collins,2-655-375-5216,Male,"Collingwood  Route, 6970",Grenada,Staffing Consultant,637-18-8217,724-64-0000
78,26,Sofie_Beal3392@sheye.org,Sofie,Beal,1-824-668-5642,Female,"Hammersmith  Boulevard, 8021",Pakistan,Chef Manager,427-26-4174,513-53-4378
79,57,Marvin_Baldwin8955@deavo.com,Marvin,Baldwin,7-123-462-3655,Male,"Bayberry Route, 5480",Palau,Biologist,232-33-8711,726-25-8582
80,48,Adalie_Paterson3861@qater.org,Adalie,Paterson,6-870-843-8073,Female,"Sundown Route, 1836",Comoros,Designer,323-08-2058,211-26-8460
81,29,Leroy_Jacobs4285@gmail.com,Leroy,Jacobs,6-422-241-3353,Male,"Chancellor  Pass, 5918",Poland,IT Support Staff,001-78-5567,140-01-8617
82,34,Adina_Dallas1135@bauros.biz,Adina,Dallas,6-628-683-2620,Female,"Castle Walk, 8758",South Africa,Lecturer,478-83-4181,671-30-0017
83,64,Gil_Bowen7155@gembat.biz,Gil,Bowen,2-716-030-2510,Male,"Amwell    Grove, 1844",Malawi,Banker,536-34-7814,027-30-2606
84,34,Makenzie_Campbell6966@mafthy.com,Makenzie,Campbell,4-208-166-2743,Female,"Tiptree   Pass, 9964",Iraq,Mobile Developer,478-07-6871,406-42-0705
85,35,Karla_Underhill3363@infotech44.tech,Karla,Underhill,8-862-826-6642,Female,"Caroline  Rue, 5359",Venezuela,Bellman,031-21-8088,332-18-5087
86,54,Alexa_Barrett8271@ubusive.com,Alexa,Barrett,8-003-230-7224,Female,"Calverley  Pass, 9336",Mexico,Accountant,842-34-2305,673-72-3828
87,54,Johnathan_Overson3259@corti.com,Johnathan,Overson,0-834-217-4225,Male,"Becher  Avenue, 7006",Hungary,Cash Manager,652-07-4277,866-20-8743
88,50,Monica_Speed9042@ubusive.com,Monica,Speed,1-557-862-2207,Female,"Thorndike   Street, 3968",Cuba,Electrician,458-65-8450,266-30-3668
89,21,Leslie_Potter6497@joiniaa.com,Leslie,Potter,3-228-320-8778,Female,"Queen Hill, 6444",Guinea-Bissau,Doctor,760-55-5756,435-57-2316
90,55,Cadence_Irwin2751@sheye.org,Cadence,Irwin,7-503-112-4700,Female,"West Walk, 6538",Dominican Republic,Design Engineer,664-42-2061,885-18-6760
91,30,Angelica_Wheeler2233@zorer.org,Angelica,Wheeler,7-475-530-6280,Female,"Meadow Way, 3421",Malawi,Electrician,872-51-8188,561-13-2636
92,27,Benjamin_Cobb9646@gembat.biz,Benjamin,Cobb,2-178-506-5455,Male,"Linden Rue, 6220",Brunei,Executive Director,623-81-7544,574-27-2386
93,72,Alessandra_Moore9279@twace.org,Alessandra,Moore,5-573-360-5386,Female,"Central  Street, 3369",Italy,Cook,170-78-2658,736-32-4742
94,24,Carl_Butler5240@jiman.org,Carl,Butler,0-316-163-0311,Male,"Virgil   Rue, 3066",India,Insurance Broker,481-16-5303,034-82-4477
95,68,Clarissa_Cox4843@acrit.org,Clarissa,Cox,3-205-478-7265,Female,"Enderby   Grove, 8219",Nauru,Call Center Representative,682-58-1827,338-58-6732
96,48,Emma_Warren1210@mafthy.com,Emma,Warren,1-262-340-8110,Female,"Blue Anchor  Route, 971",Central African Republic,Cash Manager,504-33-0552,431-70-1077
97,24,Lucas_Thornton3668@cispeto.com,Lucas,Thornton,6-475-181-1128,Male,"Camberwell  Rue, 2551",Macedonia,Software Engineer,134-40-3885,281-25-1765
98,20,Tony_Coleman3095@liret.org,Tony,Coleman,8-415-715-1328,Male,"Linda Lane Way, 1580",Mali,Production Painter,438-28-8232,625-82-2217
99,39,Lauren_Overson6702@naiker.biz,Lauren,Overson,7-863-713-8356,Female,"King Drive, 5317",Qatar,Designer,418-87-2656,312-78-2310
100,25,Julianna_Bowen2933@acrit.org,Julianna,Bowen,2-357-212-7111,Female,"Monroe Road, 7220",Bahrain,Global Logistics Supervisor,160-61-7604,430-04-5447